,median_income,median_income,median_income,median_house_value,median_house_value,median_house_value,total_rooms,total_rooms,total_bedrooms,total_bedrooms
,mean,min,max,mean,min,max,sum,mean,sum,mean
ocean_proximity,,,,,,,,,,
<1H OCEAN,4.230681917688266,0.4999,15.0001,240084.28546409807,17500.0,500001.0,24012547.0,2628.3435858143607,4937435.0,546.5391852999778
INLAND,3.2089963822317205,0.4999,15.0001,124805.39200122119,14999.0,500001.0,17803933.0,2717.7427873607085,3468095.0,533.8816194581281
ISLAND,2.7444200000000003,2.1579,3.3906,380440.0,287500.0,450000.0,7873.0,1574.6,2102.0,420.4
NEAR BAY,4.172884759825328,0.4999,15.0001,259212.31179039303,22500.0,500001.0,5710320.0,2493.589519650655,1167195.0,514.1828193832599
NEAR OCEAN,4.0057848006019565,0.536,15.0001,249433.97742663656,22500.0,500001.0,6867477.0,2583.700902934537,1415482.0,538.6156773211568
